{"count":1,"self":14.1853584,"total":105.63199999999999,"children":{"InitializeActuators":{"count":9,"self":0.0030042999999999997,"total":0.0030042999999999997,"children":null},"InitializeSensors":{"count":9,"self":0.0009972,"total":0.0009972,"children":null},"AgentSendState":{"count":14067,"self":0.37595229999999996,"total":42.084009699999996,"children":{"CollectObservations":{"count":42201,"self":0.0589926,"total":0.0589926,"children":null},"WriteActionMask":{"count":42201,"self":0.1055665,"total":0.1055665,"children":null},"RequestDecision":{"count":42201,"self":0.4542191,"total":41.543498299999996,"children":{"AgentInfo.ToProto":{"count":42201,"self":0.29797419999999997,"total":41.0892792,"children":{"GenerateSensorData":{"count":42201,"self":0.5519357,"total":40.791305,"children":{"CameraSensor.GetCompressedObservation":{"count":42201,"self":40.239369599999996,"total":40.2393693,"children":null}}}}}}}}},"DecideAction":{"count":14067,"self":49.1896608,"total":49.1896597,"children":null},"AgentAct":{"count":14067,"self":0.1009687,"total":0.1659698,"children":{"AgentInfo.ToProto":{"count":63,"self":0.00099969999999999985,"total":0.065001099999999992,"children":{"GenerateSensorData":{"count":63,"self":0.0020009,"total":0.0640014,"children":{"CameraSensor.GetCompressedObservation":{"count":63,"self":0.0620005,"total":0.0620005,"children":null}}}}}}}},"gauges":{"Forklift Uno.CumulativeReward":{"count":63,"max":-2.00003743,"min":-2.00003743,"runningAverage":-2.00003743,"value":-2.00003743,"weightedAverage":-2.00003743}},"metadata":{"timer_format_version":"0.1.0","start_time_seconds":"1614013018","unity_version":"2021.1.0b7","command_line_arguments":"C:\\Program Files\\Unity\\Hub\\Editor\\2021.1.0b7\\Editor\\Unity.exe -projectpath C:\/Code\/Projects\/unext-unity -useHub -hubIPC -cloudEnvironment production -hubSessionId 6c126110-72ab-11eb-8fc1-534a89be6b55 -accessToken m59zUE0CFvEMzhVMjINxdl9_uBwuVTv2hZfiLtgxhxQ005f","communication_protocol_version":"1.3.0","com.unity.ml-agents_version":"1.7.2-preview","scene_name":"Training","end_time_seconds":"1614013124"}}