{
    "name": "root",
    "gauges": {
        "ForkliftPPO.Policy.Entropy.mean": {
            "value": 1.4254984855651855,
            "min": 1.3482294082641602,
            "max": 1.7163797616958618,
            "count": 1813
        },
        "ForkliftPPO.Environment.EpisodeLength.mean": {
            "value": 68.26950354609929,
            "min": 58.867816091954026,
            "max": 92.49090909090908,
            "count": 1813
        },
        "ForkliftPPO.Policy.ExtrinsicValueEstimate.mean": {
            "value": 0.7307054400444031,
            "min": -0.0040686167776584625,
            "max": 0.8607802987098694,
            "count": 1813
        },
        "ForkliftPPO.Environment.CumulativeReward.mean": {
            "value": 1.4000625631667043,
            "min": 0.7288145291449671,
            "max": 1.6339539604163484,
            "count": 1813
        },
        "ForkliftPPO.Policy.ExtrinsicReward.mean": {
            "value": 1.4000625631667043,
            "min": 0.7288145291449671,
            "max": 1.6339539604163484,
            "count": 1813
        },
        "ForkliftPPO.IsTraining.mean": {
            "value": 1.0,
            "min": 1.0,
            "max": 1.0,
            "count": 1813
        },
        "ForkliftPPO.Losses.PolicyLoss.mean": {
            "value": 0.02128209364503467,
            "min": 0.013704435971279356,
            "max": 0.07505187659601992,
            "count": 1765
        },
        "ForkliftPPO.Losses.ValueLoss.mean": {
            "value": 0.03981350244333347,
            "min": 0.02440015897154808,
            "max": 0.1675757778187593,
            "count": 1765
        },
        "ForkliftPPO.Policy.LearningRate.mean": {
            "value": 0.0003,
            "min": 0.0003,
            "max": 0.0003,
            "count": 1765
        },
        "ForkliftPPO.Policy.Epsilon.mean": {
            "value": 0.20000000000000007,
            "min": 0.20000000000000007,
            "max": 0.20000000000000007,
            "count": 1765
        },
        "ForkliftPPO.Policy.Beta.mean": {
            "value": 0.005000000000000001,
            "min": 0.005000000000000001,
            "max": 0.005000000000000001,
            "count": 1765
        }
    },
    "metadata": {
        "timer_format_version": "0.1.0",
        "start_time_seconds": "1614187673",
        "python_version": "3.7.9 (default, Aug 31 2020, 17:10:11) [MSC v.1916 64 bit (AMD64)]",
        "command_line_arguments": "C:\\Users\\Kristian\\.conda\\envs\\ml\\Scripts\\mlagents-learn .\\configuration.yaml --initialize-from=forklift",
        "mlagents_version": "0.23.0",
        "mlagents_envs_version": "0.23.0",
        "communication_protocol_version": "1.3.0",
        "pytorch_version": "1.7.1",
        "numpy_version": "1.18.5",
        "end_time_seconds": "1614250967"
    },
    "total": 63294.202214000004,
    "count": 1,
    "self": 0.022726700008206535,
    "children": {
        "run_training.setup": {
            "total": 0.011312800000000012,
            "count": 1,
            "self": 0.011312800000000012
        },
        "TrainerController.start_learning": {
            "total": 63294.168174499995,
            "count": 1,
            "self": 27.38262910557387,
            "children": {
                "TrainerController._reset_env": {
                    "total": 8.5678039,
                    "count": 1,
                    "self": 8.5678039
                },
                "TrainerController.advance": {
                    "total": 63257.92800579442,
                    "count": 961717,
                    "self": 14.255650694023643,
                    "children": {
                        "env_step": {
                            "total": 63243.672355100396,
                            "count": 961717,
                            "self": 59965.93374949834,
                            "children": {
                                "SubprocessEnvManager._take_step": {
                                    "total": 3257.248262501838,
                                    "count": 961717,
                                    "self": 55.9980477985805,
                                    "children": {
                                        "TorchPolicy.evaluate": {
                                            "total": 3201.2502147032574,
                                            "count": 725491,
                                            "self": 1328.426468699044,
                                            "children": {
                                                "TorchPolicy.sample_actions": {
                                                    "total": 1872.8237460042133,
                                                    "count": 725491,
                                                    "self": 1872.8237460042133
                                                }
                                            }
                                        }
                                    }
                                },
                                "workers": {
                                    "total": 20.49034310021876,
                                    "count": 961716,
                                    "self": 0.0,
                                    "children": {
                                        "worker_root": {
                                            "total": 63240.78340380273,
                                            "count": 961716,
                                            "is_parallel": true,
                                            "self": 5411.66828890008,
                                            "children": {
                                                "steps_from_proto": {
                                                    "total": 0.014310100000000325,
                                                    "count": 1,
                                                    "is_parallel": true,
                                                    "self": 0.00034759999999955937,
                                                    "children": {
                                                        "_process_visual_observation": {
                                                            "total": 0.0135544000000003,
                                                            "count": 2,
                                                            "is_parallel": true,
                                                            "self": 0.00023189999999928546,
                                                            "children": {
                                                                "observation_to_np_array": {
                                                                    "total": 0.013322500000001014,
                                                                    "count": 25,
                                                                    "is_parallel": true,
                                                                    "self": 0.00028890000000192373,
                                                                    "children": {
                                                                        "process_pixels": {
                                                                            "total": 0.01303359999999909,
                                                                            "count": 25,
                                                                            "is_parallel": true,
                                                                            "self": 0.0013495999999983965,
                                                                            "children": {
                                                                                "image_decompress": {
                                                                                    "total": 0.011684000000000694,